example,method,param,value
2,truth,guessRate,0
2,truth,alpha_gain,0.3496886306
2,truth,beta_gain,0.7601686625
2,truth,gamma_gain,0.5638056804
2,truth,uncMeta,0.1063092768
2,truth,confCritR,0.4057138958
2,truth,confCritL,1.60753371
2,truth,nll,82.10012751
2,sequential,guessRate,0.01
2,sequential,alpha_gain,0.3779744767
2,sequential,beta_gain,0.9016493408
2,sequential,gamma_gain,0.7772696169
2,sequential,uncMeta,0.292871323
2,sequential,confCritR,0.463991207
2,sequential,confCritL,2.257627339
2,sequential,nll,81.25863811
2,joint,guessRate,0.01
2,joint,alpha_gain,0.3362023539
2,joint,beta_gain,0.4561476951
2,joint,gamma_gain,0.9320339932
2,joint,uncMeta,0.3388066703
2,joint,confCritR,0.3285372047
2,joint,confCritL,2.081799258
2,joint,nll,81.9647372
2,joint_seq_init,guessRate,0.01
2,joint_seq_init,alpha_gain,0.33622
2,joint_seq_init,beta_gain,0.77368
2,joint_seq_init,gamma_gain,0.93692
2,joint_seq_init,uncMeta,0.85228
2,joint_seq_init,confCritR,0.33034
2,joint_seq_init,confCritL,4.03442
2,joint_seq_init,nll,80.67205021
3,truth,guessRate,0
3,truth,alpha_gain,1.243710887
3,truth,beta_gain,0.2273689741
3,truth,gamma_gain,2.065383662
3,truth,uncMeta,0.8522724465
3,truth,confCritR,7.566343994
3,truth,confCritL,0.3691637508
3,truth,nll,5.469959805
3,sequential,guessRate,0.01
3,sequential,alpha_gain,1.099628602
3,sequential,beta_gain,0.1145648422
3,sequential,gamma_gain,2.965211183
3,sequential,uncMeta,0.5866220829
3,sequential,confCritR,3.787746726
3,sequential,confCritL,0.1684788734
3,sequential,nll,5.297554157
3,joint,guessRate,0.01
3,joint,alpha_gain,1.183400802
3,joint,beta_gain,0.2731730152
3,joint,gamma_gain,2.629622412
3,joint,uncMeta,0.4937615515
3,joint,confCritR,7.159549949
3,joint,confCritL,0.6076112013
3,joint,nll,5.495994738
3,joint_seq_init,guessRate,0.01
3,joint_seq_init,alpha_gain,1.14321511
3,joint_seq_init,beta_gain,0.3657764059
3,joint_seq_init,gamma_gain,2.398738162
3,joint_seq_init,uncMeta,0.4801769811
3,joint_seq_init,confCritR,4.263649501
3,joint_seq_init,confCritL,0.4921502553
3,joint_seq_init,nll,5.444871521
4,truth,guessRate,0
4,truth,alpha_gain,0.6037199407
4,truth,beta_gain,0.3719632907
4,truth,gamma_gain,2.984343889
4,truth,uncMeta,0.4753063025
4,truth,confCritR,2.521702984
4,truth,confCritL,0.8544385567
4,truth,nll,19.83688004
4,sequential,guessRate,0.01
4,sequential,alpha_gain,0.5872953712
4,sequential,beta_gain,0.2672737771
4,sequential,gamma_gain,4.588558019
4,sequential,uncMeta,0.4896484246
4,sequential,confCritR,3.12046558
4,sequential,confCritL,1.508502147
4,sequential,nll,18.79755971
4,joint,guessRate,0.01
4,joint,alpha_gain,0.613167006
4,joint,beta_gain,0.3203873731
4,joint,gamma_gain,5.412226665
4,joint,uncMeta,0.258896448
4,joint,confCritR,4.63948286
4,joint,confCritL,0.9731438315
4,joint,nll,19.15528495
4,joint_seq_init,guessRate,0.01
4,joint_seq_init,alpha_gain,0.6035323403
4,joint_seq_init,beta_gain,0.3172820505
4,joint_seq_init,gamma_gain,4.517785642
4,joint_seq_init,uncMeta,0.3245244002
4,joint_seq_init,confCritR,2.888082952
4,joint_seq_init,confCritL,1.081911994
4,joint_seq_init,nll,18.24292128
5,truth,guessRate,0
5,truth,alpha_gain,0.8640035153
5,truth,beta_gain,0.543829069
5,truth,gamma_gain,1.123061376
5,truth,uncMeta,2.076405934
5,truth,confCritR,1.06873379
5,truth,confCritL,1.767427089
5,truth,nll,33.99892834
5,sequential,guessRate,0.01
5,sequential,alpha_gain,0.9389824416
5,sequential,beta_gain,0.619357831
5,sequential,gamma_gain,2.558440893
5,sequential,uncMeta,3.553411159
5,sequential,confCritR,1.217798296
5,sequential,confCritL,4.563594257
5,sequential,nll,28.843815
5,joint,guessRate,0.01
5,joint,alpha_gain,0.925232035
5,joint,beta_gain,0.5731596955
5,joint,gamma_gain,1.185283647
5,joint,uncMeta,4.879414124
5,joint,confCritR,1.242868665
5,joint,confCritL,2.753881566
5,joint,nll,30.54902742
5,joint_seq_init,guessRate,0.01
5,joint_seq_init,alpha_gain,0.9373896149
5,joint_seq_init,beta_gain,0.6229030077
5,joint_seq_init,gamma_gain,2.758042837
5,joint_seq_init,uncMeta,3.594254369
5,joint_seq_init,confCritR,1.597977343
5,joint_seq_init,confCritL,5.932333262
5,joint_seq_init,nll,29.1964669
6,truth,guessRate,0
6,truth,alpha_gain,0.2352184532
6,truth,beta_gain,0.2599984379
6,truth,gamma_gain,2.140912285
6,truth,uncMeta,2.531434157
6,truth,confCritR,5.364379202
6,truth,confCritL,4.062165627
6,truth,nll,69.64718086
6,sequential,guessRate,0.01
6,sequential,alpha_gain,0.2542902279
6,sequential,beta_gain,0.3063590247
6,sequential,gamma_gain,2.699620177
6,sequential,uncMeta,1.057403721
6,sequential,confCritR,2.366916229
6,sequential,confCritL,2.734491315
6,sequential,nll,69.29574873
6,joint,guessRate,0.01
6,joint,alpha_gain,0.2610964495
6,joint,beta_gain,0.5536386335
6,joint,gamma_gain,2.335788159
6,joint,uncMeta,1.670999905
6,joint,confCritR,2.562039092
6,joint,confCritL,3.697820282
6,joint,nll,67.91129753
6,joint_seq_init,guessRate,0.01
6,joint_seq_init,alpha_gain,0.2377317243
6,joint_seq_init,beta_gain,0.3205299553
6,joint_seq_init,gamma_gain,2.464805015
6,joint_seq_init,uncMeta,1.250112355
6,joint_seq_init,confCritR,3.956382722
6,joint_seq_init,confCritL,2.711961429
6,joint_seq_init,nll,69.18148091
7,truth,guessRate,0
7,truth,alpha_gain,0.5942885304
7,truth,beta_gain,0.4762643084
7,truth,gamma_gain,1.205821238
7,truth,uncMeta,0.3371985697
7,truth,confCritR,0.4518812997
7,truth,confCritL,1.42921113
7,truth,nll,58.84708761
7,sequential,guessRate,0.01
7,sequential,alpha_gain,0.5980321399
7,sequential,beta_gain,0.6097157081
7,sequential,gamma_gain,2.036758611
7,sequential,uncMeta,0.9552477677
7,sequential,confCritR,0.7007855474
7,sequential,confCritL,4.295319795
7,sequential,nll,52.24374763
7,joint,guessRate,0.01
7,joint,alpha_gain,0.6320470537
7,joint,beta_gain,0.5531861389
7,joint,gamma_gain,1.472505562
7,joint,uncMeta,0.7463961363
7,joint,confCritR,1.035593573
7,joint,confCritL,2.416597162
7,joint,nll,53.90113085
7,joint_seq_init,guessRate,0.01
7,joint_seq_init,alpha_gain,0.610102444
7,joint_seq_init,beta_gain,0.5995245164
7,joint_seq_init,gamma_gain,1.855551094
7,joint_seq_init,uncMeta,0.549042333
7,joint_seq_init,confCritR,0.9041163752
7,joint_seq_init,confCritL,3.138095579
7,joint_seq_init,nll,52.24298829
8,truth,guessRate,0
8,truth,alpha_gain,0.7481877814
8,truth,beta_gain,0.1622275289
8,truth,gamma_gain,4.622096744
8,truth,uncMeta,0.2543617836
8,truth,confCritR,7.566343994
8,truth,confCritL,0.7204471853
8,truth,nll,6.039836004
8,sequential,guessRate,0.01
8,sequential,alpha_gain,0.7902485937
8,sequential,beta_gain,0.360771863
8,sequential,gamma_gain,3.24762295
8,sequential,uncMeta,0.4310956924
8,sequential,confCritR,8.047827838
8,sequential,confCritL,0.3229876339
8,sequential,nll,8.405386053
8,joint,guessRate,0.01
8,joint,alpha_gain,0.7937406507
8,joint,beta_gain,0.4527342154
8,joint,gamma_gain,4.694682403
8,joint,uncMeta,0.3096145388
8,joint,confCritR,7.87776805
8,joint,confCritL,0.2752204152
8,joint,nll,7.485150227
8,joint_seq_init,guessRate,0.01
8,joint_seq_init,alpha_gain,0.7505990375
8,joint_seq_init,beta_gain,0.3339215697
8,joint_seq_init,gamma_gain,5.551183039
8,joint_seq_init,uncMeta,0.4738293083
8,joint_seq_init,confCritR,6.084990203
8,joint_seq_init,confCritL,1.011315983
8,joint_seq_init,nll,6.827690882
9,truth,guessRate,0
9,truth,alpha_gain,0.8015615539
9,truth,beta_gain,0.4185827235
9,truth,gamma_gain,5.419011321
9,truth,uncMeta,0.1976846389
9,truth,confCritR,5.861258984
9,truth,confCritL,1.237903481
9,truth,nll,5.611898252
9,sequential,guessRate,0.01
9,sequential,alpha_gain,0.7623030696
9,sequential,beta_gain,0.3428214474
9,sequential,gamma_gain,3.711770239
9,sequential,uncMeta,0.2915665292
9,sequential,confCritR,4.325503437
9,sequential,confCritL,0.8136693025
9,sequential,nll,6.089705452
9,joint,guessRate,0.01
9,joint,alpha_gain,0.8270801653
9,joint,beta_gain,0.3321406611
9,joint,gamma_gain,3.240810537
9,joint,uncMeta,0.3776725162
9,joint,confCritR,6.074325607
9,joint,confCritL,0.8876830561
9,joint,nll,5.940242152
9,joint_seq_init,guessRate,0.01
9,joint_seq_init,alpha_gain,0.7915930392
9,joint_seq_init,beta_gain,0.3577121406
9,joint_seq_init,gamma_gain,4.457465805
9,joint_seq_init,uncMeta,0.2902726419
9,joint_seq_init,confCritR,6.418500528
9,joint_seq_init,confCritL,1.013450569
9,joint_seq_init,nll,4.811209269
10,truth,guessRate,0
10,truth,alpha_gain,0.5911987293
10,truth,beta_gain,0.1530563219
10,truth,gamma_gain,1.207933831
10,truth,uncMeta,3.382413796
10,truth,confCritR,3.956754448
10,truth,confCritL,0.8182277775
10,truth,nll,63.52579485
10,sequential,guessRate,0.01
10,sequential,alpha_gain,0.566741949
10,sequential,beta_gain,-0.1642399026
10,sequential,gamma_gain,1.220470503
10,sequential,uncMeta,1.973300525
10,sequential,confCritR,2.196645089
10,sequential,confCritL,0.2391280971
10,sequential,nll,60.49285778
10,joint,guessRate,0.01
10,joint,alpha_gain,0.5545463919
10,joint,beta_gain,0.09335701918
10,joint,gamma_gain,1.109434525
10,joint,uncMeta,1.340729918
10,joint,confCritR,1.524894616
10,joint,confCritL,0.4103097063
10,joint,nll,60.90585632
10,joint_seq_init,guessRate,0.01
10,joint_seq_init,alpha_gain,0.5721726994
10,joint_seq_init,beta_gain,-0.161855501
10,joint_seq_init,gamma_gain,0.9355171768
10,joint_seq_init,uncMeta,1.488168742
10,joint_seq_init,confCritR,1.351673376
10,joint_seq_init,confCritL,0.2296169698
10,joint_seq_init,nll,59.96287758
11,truth,guessRate,0
11,truth,alpha_gain,0.7590616951
11,truth,beta_gain,0.7262488423
11,truth,gamma_gain,1.341818016
11,truth,uncMeta,0.1921034858
11,truth,confCritR,3.02033689
11,truth,confCritL,2.654164972
11,truth,nll,50.57890238
11,sequential,guessRate,0.01
11,sequential,alpha_gain,0.671998608
11,sequential,beta_gain,0.6902331308
11,sequential,gamma_gain,1.716673857
11,sequential,uncMeta,0.4515041773
11,sequential,confCritR,2.676416834
11,sequential,confCritL,3.928309513
11,sequential,nll,48.28179222
11,joint,guessRate,0.01
11,joint,alpha_gain,0.6863948983
11,joint,beta_gain,0.6603285997
11,joint,gamma_gain,1.126291943
11,joint,uncMeta,0.4361212305
11,joint,confCritR,1.994934274
11,joint,confCritL,2.72091765
11,joint,nll,50.17872287
11,joint_seq_init,guessRate,0.01
11,joint_seq_init,alpha_gain,0.7185125465
11,joint_seq_init,beta_gain,0.7150969981
11,joint_seq_init,gamma_gain,1.013996066
11,joint_seq_init,uncMeta,0.4737584869
11,joint_seq_init,confCritR,2.66248896
11,joint_seq_init,confCritL,2.359753831
11,joint_seq_init,nll,50.05173269
12,truth,guessRate,0
12,truth,alpha_gain,0.6095028011
12,truth,beta_gain,0.2331986693
12,truth,gamma_gain,2.822682421
12,truth,uncMeta,2.10390646
12,truth,confCritR,5.205527614
12,truth,confCritL,0.6116451215
12,truth,nll,37.89876781
12,sequential,guessRate,0.01
12,sequential,alpha_gain,0.6142550384
12,sequential,beta_gain,0.1424216153
12,sequential,gamma_gain,2.851593754
12,sequential,uncMeta,2.622789114
12,sequential,confCritR,6.924025998
12,sequential,confCritL,0.2593108624
12,sequential,nll,37.88005093
12,joint,guessRate,0.01
12,joint,alpha_gain,0.6235629392
12,joint,beta_gain,0.2730113099
12,joint,gamma_gain,2.490936157
12,joint,uncMeta,1.737994636
12,joint,confCritR,5.203635012
12,joint,confCritL,0.5737551021
12,joint,nll,38.66557393
12,joint_seq_init,guessRate,0.01
12,joint_seq_init,alpha_gain,0.6077687215
12,joint_seq_init,beta_gain,0.1465259908
12,joint_seq_init,gamma_gain,2.610803685
12,joint_seq_init,uncMeta,2.800726115
12,joint_seq_init,confCritR,5.257550637
12,joint_seq_init,confCritL,0.198219106
12,joint_seq_init,nll,37.9469478
13,truth,guessRate,0
13,truth,alpha_gain,0.6024478387
13,truth,beta_gain,0.4000548948
13,truth,gamma_gain,0.6662289623
13,truth,uncMeta,2.139187273
13,truth,confCritR,0.6220709362
13,truth,confCritL,0.3996075892
13,truth,nll,73.62554577
13,sequential,guessRate,0.01
13,sequential,alpha_gain,0.5745194587
13,sequential,beta_gain,0.204319887
13,sequential,gamma_gain,0.6968257354
13,sequential,uncMeta,4.563184188
13,sequential,confCritR,0.3397496666
13,sequential,confCritL,0.6977372499
13,sequential,nll,72.83332528
13,joint,guessRate,0.01
13,joint,alpha_gain,0.5630460291
13,joint,beta_gain,0.2365027072
13,joint,gamma_gain,0.6756622327
13,joint,uncMeta,2.16067862
13,joint,confCritR,0.3199221487
13,joint,confCritL,0.4413509727
13,joint,nll,72.89831382
13,joint_seq_init,guessRate,0.01
13,joint_seq_init,alpha_gain,0.5638873698
13,joint_seq_init,beta_gain,0.204839213
13,joint_seq_init,gamma_gain,0.7692632843
13,joint_seq_init,uncMeta,4.295037075
13,joint_seq_init,confCritR,0.7256960676
13,joint_seq_init,confCritL,0.6106084425
13,joint_seq_init,nll,72.62518913
14,truth,guessRate,0
14,truth,alpha_gain,0.8406756541
14,truth,beta_gain,0.5144221628
14,truth,gamma_gain,2.688202901
14,truth,uncMeta,1.037023008
14,truth,confCritR,0.949890547
14,truth,confCritL,1.746776561
14,truth,nll,17.6892839
14,sequential,guessRate,0.01
14,sequential,alpha_gain,0.7958530365
14,sequential,beta_gain,0.4509283319
14,sequential,gamma_gain,4.311583264
14,sequential,uncMeta,2.632657143
14,sequential,confCritR,1.778067603
14,sequential,confCritL,3.454479846
14,sequential,nll,19.09702622
14,joint,guessRate,0.01
14,joint,alpha_gain,0.8149698055
14,joint,beta_gain,0.5245780316
14,joint,gamma_gain,2.56063964
14,joint,uncMeta,0.8233770089
14,joint,confCritR,1.11684409
14,joint,confCritL,1.433081121
14,joint,nll,18.31871472
14,joint_seq_init,guessRate,0.01
14,joint_seq_init,alpha_gain,0.8233262747
14,joint_seq_init,beta_gain,0.4819774403
14,joint_seq_init,gamma_gain,3.070179436
14,joint_seq_init,uncMeta,1.309857091
14,joint_seq_init,confCritR,1.638961185
14,joint_seq_init,confCritL,1.410888869
14,joint_seq_init,nll,17.96470804
15,truth,guessRate,0
15,truth,alpha_gain,0.328760533
15,truth,beta_gain,0.257357904
15,truth,gamma_gain,1.328160448
15,truth,uncMeta,2.765779678
15,truth,confCritR,1.436875726
15,truth,confCritL,2.446361405
15,truth,nll,90.5780638
15,sequential,guessRate,0.01
15,sequential,alpha_gain,0.3497740814
15,sequential,beta_gain,0.1168294776
15,sequential,gamma_gain,1.295781724
15,sequential,uncMeta,3.295561622
15,sequential,confCritR,1.187152204
15,sequential,confCritL,5.058577758
15,sequential,nll,87.75935962
15,joint,guessRate,0.01
15,joint,alpha_gain,0.401540727
15,joint,beta_gain,0.4165297833
15,joint,gamma_gain,1.174122944
15,joint,uncMeta,2.69950405
15,joint,confCritR,2.462741196
15,joint,confCritL,4.008914899
15,joint,nll,89.13044257
15,joint_seq_init,guessRate,0.01
15,joint_seq_init,alpha_gain,0.3480900643
15,joint_seq_init,beta_gain,0.1163082317
15,joint_seq_init,gamma_gain,1.389884389
15,joint_seq_init,uncMeta,2.221281362
15,joint_seq_init,confCritR,1.309371791
15,joint_seq_init,confCritL,3.551947213
15,joint_seq_init,nll,87.78525383
16,truth,guessRate,0
16,truth,alpha_gain,0.8711483628
16,truth,beta_gain,-0.002106282139
16,truth,gamma_gain,5.081263594
16,truth,uncMeta,1.355496588
16,truth,confCritR,0.3630822233
16,truth,confCritL,2.742711721
16,truth,nll,8.232226035
16,sequential,guessRate,0.01
16,sequential,alpha_gain,0.7412174658
16,sequential,beta_gain,0.280678811
16,sequential,gamma_gain,5.240650537
16,sequential,uncMeta,2.57081882
16,sequential,confCritR,0.2305397797
16,sequential,confCritL,2.048928335
16,sequential,nll,8.921713643
16,joint,guessRate,0.01
16,joint,alpha_gain,0.7873274171
16,joint,beta_gain,0.2518201057
16,joint,gamma_gain,7.99136055
16,joint,uncMeta,0.9631727715
16,joint,confCritR,1.22789252
16,joint,confCritL,3.533854781
16,joint,nll,7.552992342
16,joint_seq_init,guessRate,0.01
16,joint_seq_init,alpha_gain,0.7820762222
16,joint_seq_init,beta_gain,0.2801539524
16,joint_seq_init,gamma_gain,6.387876656
16,joint_seq_init,uncMeta,1.243891766
16,joint_seq_init,confCritR,0.3914783388
16,joint_seq_init,confCritL,3.454958059
16,joint_seq_init,nll,7.789836251
17,truth,guessRate,0
17,truth,alpha_gain,0.3732936559
17,truth,beta_gain,0.2458751735
17,truth,gamma_gain,0.6978108045
17,truth,uncMeta,2.825203053
17,truth,confCritR,6.418545244
17,truth,confCritL,1.143975092
17,truth,nll,98.29782593
17,sequential,guessRate,0.01
17,sequential,alpha_gain,0.3969829516
17,sequential,beta_gain,0.3207113025
17,sequential,gamma_gain,0.630981419
17,sequential,uncMeta,2.298820716
17,sequential,confCritR,3.906611916
17,sequential,confCritL,0.9503606204
17,sequential,nll,98.12201252
17,joint,guessRate,0.01
17,joint,alpha_gain,0.4960792005
17,joint,beta_gain,0.2736641254
17,joint,gamma_gain,0.3471258497
17,joint,uncMeta,2.227511497
17,joint,confCritR,3.313885914
17,joint,confCritL,1.019135342
17,joint,nll,99.32698679
17,joint_seq_init,guessRate,0.01
17,joint_seq_init,alpha_gain,0.3812413115
17,joint_seq_init,beta_gain,0.3212377204
17,joint_seq_init,gamma_gain,0.6079508177
17,joint_seq_init,uncMeta,0.8547036575
17,joint_seq_init,confCritR,1.590108032
17,joint_seq_init,confCritL,0.6564030762
17,joint_seq_init,nll,98.3438144
18,truth,guessRate,0
18,truth,alpha_gain,0.6684143194
18,truth,beta_gain,0.001081677289
18,truth,gamma_gain,0.8528832825
18,truth,uncMeta,4.035186528
18,truth,confCritR,0.3402496576
18,truth,confCritL,1.04748207
18,truth,nll,53.68383905
18,sequential,guessRate,0.01
18,sequential,alpha_gain,0.6425840086
18,sequential,beta_gain,0.2922951913
18,sequential,gamma_gain,1.188434956
18,sequential,uncMeta,0.4216100138
18,sequential,confCritR,0.1064347867
18,sequential,confCritL,1.06124532
18,sequential,nll,51.79679951
18,joint,guessRate,0.01
18,joint,alpha_gain,0.6384176905
18,joint,beta_gain,0.3556537811
18,joint,gamma_gain,0.9251568968
18,joint,uncMeta,1.984109423
18,joint,confCritR,0.1510582155
18,joint,confCritL,0.9854491139
18,joint,nll,52.57935084
18,joint_seq_init,guessRate,0.01
18,joint_seq_init,alpha_gain,0.6640516817
18,joint_seq_init,beta_gain,0.2872470443
18,joint_seq_init,gamma_gain,1.189430116
18,joint_seq_init,uncMeta,3.857896327
18,joint_seq_init,confCritR,0.5874739416
18,joint_seq_init,confCritL,1.865300428
18,joint_seq_init,nll,51.60872963
19,truth,guessRate,0
19,truth,alpha_gain,0.7949987717
19,truth,beta_gain,0.5624576673
19,truth,gamma_gain,1.772635087
19,truth,uncMeta,4.358279272
19,truth,confCritR,0.402659697
19,truth,confCritL,0.1444356896
19,truth,nll,17.47271637
19,sequential,guessRate,0.01
19,sequential,alpha_gain,0.7337881371
19,sequential,beta_gain,0.3866003754
19,sequential,gamma_gain,3.744043147
19,sequential,uncMeta,1.674310299
19,sequential,confCritR,0.3449667095
19,sequential,confCritL,0.9202189949
19,sequential,nll,17.12512028
19,joint,guessRate,0.01
19,joint,alpha_gain,0.8473649133
19,joint,beta_gain,0.52724802
19,joint,gamma_gain,3.832043394
19,joint,uncMeta,2.532048398
19,joint,confCritR,0.6751726144
19,joint,confCritL,0.6058956949
19,joint,nll,15.44505367
19,joint_seq_init,guessRate,0.01
19,joint_seq_init,alpha_gain,0.792827361
19,joint_seq_init,beta_gain,0.3820306477
19,joint_seq_init,gamma_gain,1.687472712
19,joint_seq_init,uncMeta,3.931520822
19,joint_seq_init,confCritR,0.3529259678
19,joint_seq_init,confCritL,0.2933860938
19,joint_seq_init,nll,15.50066275
20,truth,guessRate,0
20,truth,alpha_gain,0.5832831461
20,truth,beta_gain,0.3108413309
20,truth,gamma_gain,0.8644941213
20,truth,uncMeta,0.4102994664
20,truth,confCritR,0.6665436116
20,truth,confCritL,1.741672747
20,truth,nll,78.0164717
20,sequential,guessRate,0.01
20,sequential,alpha_gain,0.5782375182
20,sequential,beta_gain,0.3779383328
20,sequential,gamma_gain,0.9854730119
20,sequential,uncMeta,0.207123033
20,sequential,confCritR,0.4999939259
20,sequential,confCritL,1.423022635
20,sequential,nll,74.28249149
20,joint,guessRate,0.01
20,joint,alpha_gain,0.6001209968
20,joint,beta_gain,0.5790816907
20,joint,gamma_gain,1.097191614
20,joint,uncMeta,0.2327875947
20,joint,confCritR,0.2852050203
20,joint,confCritL,1.913137483
20,joint,nll,75.01725407
20,joint_seq_init,guessRate,0.01
20,joint_seq_init,alpha_gain,0.5905333999
20,joint_seq_init,beta_gain,0.3832797663
20,joint_seq_init,gamma_gain,1.062904765
20,joint_seq_init,uncMeta,0.3589901891
20,joint_seq_init,confCritR,0.5012239968
20,joint_seq_init,confCritL,1.812204556
20,joint_seq_init,nll,74.01258152
21,truth,guessRate,0
21,truth,alpha_gain,0.446351159
21,truth,beta_gain,0.05936193028
21,truth,gamma_gain,1.307891805
21,truth,uncMeta,0.2277457953
21,truth,confCritR,1.516735567
21,truth,confCritL,0.3752456208
21,truth,nll,56.35701116
21,sequential,guessRate,0.01
21,sequential,alpha_gain,0.4557418698
21,sequential,beta_gain,0.2895890554
21,sequential,gamma_gain,1.20097379
21,sequential,uncMeta,0.3086537471
21,sequential,confCritR,2.044948112
21,sequential,confCritL,0.1629145031
21,sequential,nll,54.41264873
21,joint,guessRate,0.01
21,joint,alpha_gain,0.4751083067
21,joint,beta_gain,0.4552420107
21,joint,gamma_gain,1.223491906
21,joint,uncMeta,0.3877017568
21,joint,confCritR,1.682682035
21,joint,confCritL,0.2186160409
21,joint,nll,54.26137322
21,joint_seq_init,guessRate,0.01
21,joint_seq_init,alpha_gain,0.474986396
21,joint_seq_init,beta_gain,0.2903926472
21,joint_seq_init,gamma_gain,1.257412563
21,joint_seq_init,uncMeta,0.5086742175
21,joint_seq_init,confCritR,2.649932689
21,joint_seq_init,confCritL,0.2093805718
21,joint_seq_init,nll,54.69680594
22,truth,guessRate,0
22,truth,alpha_gain,0.7317306197
22,truth,beta_gain,0.6256626339
22,truth,gamma_gain,1.854417106
22,truth,uncMeta,0.3950329885
22,truth,confCritR,3.262580916
22,truth,confCritL,2.78924241
22,truth,nll,42.43056026
22,sequential,guessRate,0.01
22,sequential,alpha_gain,0.6699796829
22,sequential,beta_gain,0.6308959593
22,sequential,gamma_gain,2.264445301
22,sequential,uncMeta,0.3862294903
22,sequential,confCritR,2.832371603
22,sequential,confCritL,3.246476957
22,sequential,nll,43.27091402
22,joint,guessRate,0.01
22,joint,alpha_gain,0.7114911653
22,joint,beta_gain,0.6664622085
22,joint,gamma_gain,1.508190528
22,joint,uncMeta,0.5436023177
22,joint,confCritR,1.545123636
22,joint,confCritL,2.259737201
22,joint,nll,44.15873338
22,joint_seq_init,guessRate,0.01
22,joint_seq_init,alpha_gain,0.7100184996
22,joint_seq_init,beta_gain,0.631506255
22,joint_seq_init,gamma_gain,2.338597892
22,joint_seq_init,uncMeta,0.8224808552
22,joint_seq_init,confCritR,2.886540535
22,joint_seq_init,confCritL,4.115841354
22,joint_seq_init,nll,43.51012568
23,truth,guessRate,0
23,truth,alpha_gain,0.5610151696
23,truth,beta_gain,0.4302964851
23,truth,gamma_gain,2.806927897
23,truth,uncMeta,0.6940930506
23,truth,confCritR,0.9101576849
23,truth,confCritL,1.355496588
23,truth,nll,39.38266894
23,sequential,guessRate,0.01
23,sequential,alpha_gain,0.595014516
23,sequential,beta_gain,0.5357270017
23,sequential,gamma_gain,2.549023618
23,sequential,uncMeta,1.064452583
23,sequential,confCritR,0.8402578991
23,sequential,confCritL,1.3109299
23,sequential,nll,38.29266528
23,joint,guessRate,0.01
23,joint,alpha_gain,0.5819684933
23,joint,beta_gain,0.4739722931
23,joint,gamma_gain,2.171192509
23,joint,uncMeta,0.9424019718
23,joint,confCritR,0.8775365146
23,joint,confCritL,1.152535765
23,joint,nll,38.83415076
23,joint_seq_init,guessRate,0.01
23,joint_seq_init,alpha_gain,0.6073380863
23,joint_seq_init,beta_gain,0.5378854708
23,joint_seq_init,gamma_gain,2.300631597
23,joint_seq_init,uncMeta,0.9161962625
23,joint_seq_init,confCritR,0.9212048257
23,joint_seq_init,confCritL,1.315120216
23,joint_seq_init,nll,38.28156098
24,truth,guessRate,0
24,truth,alpha_gain,0.8042397247
24,truth,beta_gain,0.241713181
24,truth,gamma_gain,1.045050347
24,truth,uncMeta,1.182310197
24,truth,confCritR,0.6774813005
24,truth,confCritL,0.1029579475
24,truth,nll,24.41685976
24,sequential,guessRate,0.01
24,sequential,alpha_gain,0.767994301
24,sequential,beta_gain,0.2262008377
24,sequential,gamma_gain,1.187928625
24,sequential,uncMeta,0.1881039994
24,sequential,confCritR,0.566286785
24,sequential,confCritL,0.2015044658
24,sequential,nll,24.71840634
24,joint,guessRate,0.01
24,joint,alpha_gain,0.8356766868
24,joint,beta_gain,0.2964447401
24,joint,gamma_gain,1.162958166
24,joint,uncMeta,1.388497102
24,joint,confCritR,1.020100234
24,joint,confCritL,0.232254091
24,joint,nll,25.51767539
24,joint_seq_init,guessRate,0.01
24,joint_seq_init,alpha_gain,0.7655892834
24,joint_seq_init,beta_gain,0.231965488
24,joint_seq_init,gamma_gain,1.246559421
24,joint_seq_init,uncMeta,0.3370065078
24,joint_seq_init,confCritR,0.5644808041
24,joint_seq_init,confCritL,0.1485918001
24,joint_seq_init,nll,24.69895982
25,truth,guessRate,0
25,truth,alpha_gain,1.027327181
25,truth,beta_gain,0.4634046168
25,truth,gamma_gain,2.930776095
25,truth,uncMeta,3.077232658
25,truth,confCritR,2.939018388
25,truth,confCritL,0.5134291127
25,truth,nll,8.813426745
25,sequential,guessRate,0.01
25,sequential,alpha_gain,0.9526336491
25,sequential,beta_gain,0.4085073762
25,sequential,gamma_gain,4.060701322
25,sequential,uncMeta,1.391901217
25,sequential,confCritR,0.3819999937
25,sequential,confCritL,0.1706826828
25,sequential,nll,3.581072052
25,joint,guessRate,0.01
25,joint,alpha_gain,0.9851468123
25,joint,beta_gain,0.5254419944
25,joint,gamma_gain,3.448474503
25,joint,uncMeta,0.2560162457
25,joint,confCritR,0.1099646172
25,joint,confCritL,0.2643624671
25,joint,nll,3.590178011
25,joint_seq_init,guessRate,0.01
25,joint_seq_init,alpha_gain,0.9580130578
25,joint_seq_init,beta_gain,0.408507376
25,joint_seq_init,gamma_gain,5.237612184
25,joint_seq_init,uncMeta,2.446488989
25,joint_seq_init,confCritR,0.2308601939
25,joint_seq_init,confCritL,0.1419401589
25,joint_seq_init,nll,3.317094957
26,truth,guessRate,0
26,truth,alpha_gain,0.9956318497
26,truth,beta_gain,0.2728908031
26,truth,gamma_gain,1.649413794
26,truth,uncMeta,1.257130005
26,truth,confCritR,4.326289314
26,truth,confCritL,0.4690324934
26,truth,nll,22.59445476
26,sequential,guessRate,0.01
26,sequential,alpha_gain,1.084881658
26,sequential,beta_gain,0.5466936947
26,sequential,gamma_gain,1.269328217
26,sequential,uncMeta,1.054095649
26,sequential,confCritR,6.244670519
26,sequential,confCritL,0.3996451683
26,sequential,nll,20.62290386
26,joint,guessRate,0.01
26,joint,alpha_gain,1.035715919
26,joint,beta_gain,0.443930039
26,joint,gamma_gain,1.965419678
26,joint,uncMeta,0.9157500034
26,joint,confCritR,9.405006153
26,joint,confCritL,0.7073121303
26,joint,nll,20.5135442
26,joint_seq_init,guessRate,0.01
26,joint_seq_init,alpha_gain,1.100429933
26,joint_seq_init,beta_gain,0.5277864789
26,joint_seq_init,gamma_gain,1.20498704
26,joint_seq_init,uncMeta,0.9811247479
26,joint_seq_init,confCritR,7.717309505
26,joint_seq_init,confCritL,0.3381227342
26,joint_seq_init,nll,20.50506901